ciselnik,ciselnik_kod,ciselnik_nazev,vek_IRI,vek_kod,vek_nazev,vek_od_vcetne,vek_do_vcetne
"https://data.mzd.gov.cz/data/číselníky/CIS001","CIS001","Číselník věkových skupin NZIS","https://data.mzd.gov.cz/data/číselníky/CIS001/66000000",66000000,"0 let",0,0
"https://data.mzd.gov.cz/data/číselníky/CIS001","CIS001","Číselník věkových skupin NZIS","https://data.mzd.gov.cz/data/číselníky/CIS001/66000001",66000001,"1 rok a méně",0,1
"https://data.mzd.gov.cz/data/číselníky/CIS001","CIS001","Číselník věkových skupin NZIS","https://data.mzd.gov.cz/data/číselníky/CIS001/66000003",66000003,"3 roky a méně",0,3
"https://data.mzd.gov.cz/data/číselníky/CIS001","CIS001","Číselník věkových skupin NZIS","https://data.mzd.gov.cz/data/číselníky/CIS001/66000004",66000004,"4 roky a méně",0,4
"https://data.mzd.gov.cz/data/číselníky/CIS001","CIS001","Číselník věkových skupin NZIS","https://data.mzd.gov.cz/data/číselníky/CIS001/66000009",66000009,"9 let a méně",0,9
"https://data.mzd.gov.cz/data/číselníky/CIS001","CIS001","Číselník věkových skupin NZIS","https://data.mzd.gov.cz/data/číselníky/CIS001/66000011",66000011,"11 let a méně",0,11
"https://data.mzd.gov.cz/data/číselníky/CIS001","CIS001","Číselník věkových skupin NZIS","https://data.mzd.gov.cz/data/číselníky/CIS001/66000014",66000014,"14 let a méně",0,14
"https://data.mzd.gov.cz/data/číselníky/CIS001","CIS001","Číselník věkových skupin NZIS","https://data.mzd.gov.cz/data/číselníky/CIS001/66000017",66000017,"17 let a méně",0,17
"https://data.mzd.gov.cz/data/číselníky/CIS001","CIS001","Číselník věkových skupin NZIS","https://data.mzd.gov.cz/data/číselníky/CIS001/66000019",66000019,"19 let a méně",0,19
"https://data.mzd.gov.cz/data/číselníky/CIS001","CIS001","Číselník věkových skupin NZIS","https://data.mzd.gov.cz/data/číselníky/CIS001/66000024",66000024,"24 let a méně",0,24
"https://data.mzd.gov.cz/data/číselníky/CIS001","CIS001","Číselník věkových skupin NZIS","https://data.mzd.gov.cz/data/číselníky/CIS001/66000034",66000034,"34 let a méně",0,34
"https://data.mzd.gov.cz/data/číselníky/CIS001","CIS001","Číselník věkových skupin NZIS","https://data.mzd.gov.cz/data/číselníky/CIS001/66001001",66001001,"1 rok",1,1
"https://data.mzd.gov.cz/data/číselníky/CIS001","CIS001","Číselník věkových skupin NZIS","https://data.mzd.gov.cz/data/číselníky/CIS001/66001004",66001004,"1–4 roky",1,4
"https://data.mzd.gov.cz/data/číselníky/CIS001","CIS001","Číselník věkových skupin NZIS","https://data.mzd.gov.cz/data/číselníky/CIS001/66002002",66002002,"2 roky",2,2
"https://data.mzd.gov.cz/data/číselníky/CIS001","CIS001","Číselník věkových skupin NZIS","https://data.mzd.gov.cz/data/číselníky/CIS001/66003003",66003003,"3 roky",3,3
"https://data.mzd.gov.cz/data/číselníky/CIS001","CIS001","Číselník věkových skupin NZIS","https://data.mzd.gov.cz/data/číselníky/CIS001/66004004",66004004,"4 roky",4,4
"https://data.mzd.gov.cz/data/číselníky/CIS001","CIS001","Číselník věkových skupin NZIS","https://data.mzd.gov.cz/data/číselníky/CIS001/66004006",66004006,"4–6 let",4,6
"https://data.mzd.gov.cz/data/číselníky/CIS001","CIS001","Číselník věkových skupin NZIS","https://data.mzd.gov.cz/data/číselníky/CIS001/66005005",66005005,"5 let",5,5
"https://data.mzd.gov.cz/data/číselníky/CIS001","CIS001","Číselník věkových skupin NZIS","https://data.mzd.gov.cz/data/číselníky/CIS001/66005009",66005009,"5–9 let",5,9
"https://data.mzd.gov.cz/data/číselníky/CIS001","CIS001","Číselník věkových skupin NZIS","https://data.mzd.gov.cz/data/číselníky/CIS001/66005011",66005011,"5–11 let",5,11
"https://data.mzd.gov.cz/data/číselníky/CIS001","CIS001","Číselník věkových skupin NZIS","https://data.mzd.gov.cz/data/číselníky/CIS001/66006006",66006006,"6 let",6,6
"https://data.mzd.gov.cz/data/číselníky/CIS001","CIS001","Číselník věkových skupin NZIS","https://data.mzd.gov.cz/data/číselníky/CIS001/66007007",66007007,"7 let",7,7
"https://data.mzd.gov.cz/data/číselníky/CIS001","CIS001","Číselník věkových skupin NZIS","https://data.mzd.gov.cz/data/číselníky/CIS001/66007010",66007010,"7–10 let",7,10
"https://data.mzd.gov.cz/data/číselníky/CIS001","CIS001","Číselník věkových skupin NZIS","https://data.mzd.gov.cz/data/číselníky/CIS001/66008008",66008008,"8 let",8,8
"https://data.mzd.gov.cz/data/číselníky/CIS001","CIS001","Číselník věkových skupin NZIS","https://data.mzd.gov.cz/data/číselníky/CIS001/66009009",66009009,"9 let",9,9
"https://data.mzd.gov.cz/data/číselníky/CIS001","CIS001","Číselník věkových skupin NZIS","https://data.mzd.gov.cz/data/číselníky/CIS001/66010010",66010010,"10 let",10,10
"https://data.mzd.gov.cz/data/číselníky/CIS001","CIS001","Číselník věkových skupin NZIS","https://data.mzd.gov.cz/data/číselníky/CIS001/66010014",66010014,"10–14 let",10,14
"https://data.mzd.gov.cz/data/číselníky/CIS001","CIS001","Číselník věkových skupin NZIS","https://data.mzd.gov.cz/data/číselníky/CIS001/66010019",66010019,"10–19 let",10,19
"https://data.mzd.gov.cz/data/číselníky/CIS001","CIS001","Číselník věkových skupin NZIS","https://data.mzd.gov.cz/data/číselníky/CIS001/66011011",66011011,"11 let",11,11
"https://data.mzd.gov.cz/data/číselníky/CIS001","CIS001","Číselník věkových skupin NZIS","https://data.mzd.gov.cz/data/číselníky/CIS001/66011015",66011015,"11–15 let",11,15
"https://data.mzd.gov.cz/data/číselníky/CIS001","CIS001","Číselník věkových skupin NZIS","https://data.mzd.gov.cz/data/číselníky/CIS001/66012012",66012012,"12 let",12,12
"https://data.mzd.gov.cz/data/číselníky/CIS001","CIS001","Číselník věkových skupin NZIS","https://data.mzd.gov.cz/data/číselníky/CIS001/66012015",66012015,"12–15 let",12,15
"https://data.mzd.gov.cz/data/číselníky/CIS001","CIS001","Číselník věkových skupin NZIS","https://data.mzd.gov.cz/data/číselníky/CIS001/66013013",66013013,"13 let",13,13
"https://data.mzd.gov.cz/data/číselníky/CIS001","CIS001","Číselník věkových skupin NZIS","https://data.mzd.gov.cz/data/číselníky/CIS001/66014014",66014014,"14 let",14,14
"https://data.mzd.gov.cz/data/číselníky/CIS001","CIS001","Číselník věkových skupin NZIS","https://data.mzd.gov.cz/data/číselníky/CIS001/66015015",66015015,"15 let",15,15
"https://data.mzd.gov.cz/data/číselníky/CIS001","CIS001","Číselník věkových skupin NZIS","https://data.mzd.gov.cz/data/číselníky/CIS001/66015019",66015019,"15–19 let",15,19
"https://data.mzd.gov.cz/data/číselníky/CIS001","CIS001","Číselník věkových skupin NZIS","https://data.mzd.gov.cz/data/číselníky/CIS001/66015021",66015021,"15–21 let",15,21
"https://data.mzd.gov.cz/data/číselníky/CIS001","CIS001","Číselník věkových skupin NZIS","https://data.mzd.gov.cz/data/číselníky/CIS001/66015064",66015064,"15–64 let",15,64
"https://data.mzd.gov.cz/data/číselníky/CIS001","CIS001","Číselník věkových skupin NZIS","https://data.mzd.gov.cz/data/číselníky/CIS001/66016016",66016016,"16 let",16,16
"https://data.mzd.gov.cz/data/číselníky/CIS001","CIS001","Číselník věkových skupin NZIS","https://data.mzd.gov.cz/data/číselníky/CIS001/66016017",66016017,"16–17 let",16,17
"https://data.mzd.gov.cz/data/číselníky/CIS001","CIS001","Číselník věkových skupin NZIS","https://data.mzd.gov.cz/data/číselníky/CIS001/66017017",66017017,"17 let",17,17
"https://data.mzd.gov.cz/data/číselníky/CIS001","CIS001","Číselník věkových skupin NZIS","https://data.mzd.gov.cz/data/číselníky/CIS001/66017021",66017021,"17–21 let",17,21
"https://data.mzd.gov.cz/data/číselníky/CIS001","CIS001","Číselník věkových skupin NZIS","https://data.mzd.gov.cz/data/číselníky/CIS001/66018018",66018018,"18 let",18,18
"https://data.mzd.gov.cz/data/číselníky/CIS001","CIS001","Číselník věkových skupin NZIS","https://data.mzd.gov.cz/data/číselníky/CIS001/66018019",66018019,"18–19 let",18,19
"https://data.mzd.gov.cz/data/číselníky/CIS001","CIS001","Číselník věkových skupin NZIS","https://data.mzd.gov.cz/data/číselníky/CIS001/66018024",66018024,"18–24 let",18,24
"https://data.mzd.gov.cz/data/číselníky/CIS001","CIS001","Číselník věkových skupin NZIS","https://data.mzd.gov.cz/data/číselníky/CIS001/66018025",66018025,"18–25 let",18,25
"https://data.mzd.gov.cz/data/číselníky/CIS001","CIS001","Číselník věkových skupin NZIS","https://data.mzd.gov.cz/data/číselníky/CIS001/66018039",66018039,"18–39 let",18,39
"https://data.mzd.gov.cz/data/číselníky/CIS001","CIS001","Číselník věkových skupin NZIS","https://data.mzd.gov.cz/data/číselníky/CIS001/66018999",66018999,"18 let a více",18,999
"https://data.mzd.gov.cz/data/číselníky/CIS001","CIS001","Číselník věkových skupin NZIS","https://data.mzd.gov.cz/data/číselníky/CIS001/66019019",66019019,"19 let",19,19
"https://data.mzd.gov.cz/data/číselníky/CIS001","CIS001","Číselník věkových skupin NZIS","https://data.mzd.gov.cz/data/číselníky/CIS001/66020020",66020020,"20 let",20,20
"https://data.mzd.gov.cz/data/číselníky/CIS001","CIS001","Číselník věkových skupin NZIS","https://data.mzd.gov.cz/data/číselníky/CIS001/66020024",66020024,"20–24 let",20,24
"https://data.mzd.gov.cz/data/číselníky/CIS001","CIS001","Číselník věkových skupin NZIS","https://data.mzd.gov.cz/data/číselníky/CIS001/66020029",66020029,"20–29 let",20,29
"https://data.mzd.gov.cz/data/číselníky/CIS001","CIS001","Číselník věkových skupin NZIS","https://data.mzd.gov.cz/data/číselníky/CIS001/66020034",66020034,"20–34 let",20,34
"https://data.mzd.gov.cz/data/číselníky/CIS001","CIS001","Číselník věkových skupin NZIS","https://data.mzd.gov.cz/data/číselníky/CIS001/66020039",66020039,"20–39 let",20,39
"https://data.mzd.gov.cz/data/číselníky/CIS001","CIS001","Číselník věkových skupin NZIS","https://data.mzd.gov.cz/data/číselníky/CIS001/66020044",66020044,"20–44 let",20,44
"https://data.mzd.gov.cz/data/číselníky/CIS001","CIS001","Číselník věkových skupin NZIS","https://data.mzd.gov.cz/data/číselníky/CIS001/66020064",66020064,"20–64 let",20,64
"https://data.mzd.gov.cz/data/číselníky/CIS001","CIS001","Číselník věkových skupin NZIS","https://data.mzd.gov.cz/data/číselníky/CIS001/66020999",66020999,"20 let a více",20,999
"https://data.mzd.gov.cz/data/číselníky/CIS001","CIS001","Číselník věkových skupin NZIS","https://data.mzd.gov.cz/data/číselníky/CIS001/66021021",66021021,"21 let",21,21
"https://data.mzd.gov.cz/data/číselníky/CIS001","CIS001","Číselník věkových skupin NZIS","https://data.mzd.gov.cz/data/číselníky/CIS001/66022022",66022022,"22 let",22,22
"https://data.mzd.gov.cz/data/číselníky/CIS001","CIS001","Číselník věkových skupin NZIS","https://data.mzd.gov.cz/data/číselníky/CIS001/66022026",66022026,"22–26 let",22,26
"https://data.mzd.gov.cz/data/číselníky/CIS001","CIS001","Číselník věkových skupin NZIS","https://data.mzd.gov.cz/data/číselníky/CIS001/66023023",66023023,"23 let",23,23
"https://data.mzd.gov.cz/data/číselníky/CIS001","CIS001","Číselník věkových skupin NZIS","https://data.mzd.gov.cz/data/číselníky/CIS001/66024024",66024024,"24 let",24,24
"https://data.mzd.gov.cz/data/číselníky/CIS001","CIS001","Číselník věkových skupin NZIS","https://data.mzd.gov.cz/data/číselníky/CIS001/66025025",66025025,"25 let",25,25
"https://data.mzd.gov.cz/data/číselníky/CIS001","CIS001","Číselník věkových skupin NZIS","https://data.mzd.gov.cz/data/číselníky/CIS001/66025029",66025029,"25–29 let",25,29
"https://data.mzd.gov.cz/data/číselníky/CIS001","CIS001","Číselník věkových skupin NZIS","https://data.mzd.gov.cz/data/číselníky/CIS001/66025034",66025034,"25–34 let",25,34
"https://data.mzd.gov.cz/data/číselníky/CIS001","CIS001","Číselník věkových skupin NZIS","https://data.mzd.gov.cz/data/číselníky/CIS001/66025059",66025059,"25–59 let",25,59
"https://data.mzd.gov.cz/data/číselníky/CIS001","CIS001","Číselník věkových skupin NZIS","https://data.mzd.gov.cz/data/číselníky/CIS001/66026026",66026026,"26 let",26,26
"https://data.mzd.gov.cz/data/číselníky/CIS001","CIS001","Číselník věkových skupin NZIS","https://data.mzd.gov.cz/data/číselníky/CIS001/66026030",66026030,"26–30 let",26,30
"https://data.mzd.gov.cz/data/číselníky/CIS001","CIS001","Číselník věkových skupin NZIS","https://data.mzd.gov.cz/data/číselníky/CIS001/66027027",66027027,"27 let",27,27
"https://data.mzd.gov.cz/data/číselníky/CIS001","CIS001","Číselník věkových skupin NZIS","https://data.mzd.gov.cz/data/číselníky/CIS001/66027035",66027035,"27–35 let",27,35
"https://data.mzd.gov.cz/data/číselníky/CIS001","CIS001","Číselník věkových skupin NZIS","https://data.mzd.gov.cz/data/číselníky/CIS001/66028028",66028028,"28 let",28,28
"https://data.mzd.gov.cz/data/číselníky/CIS001","CIS001","Číselník věkových skupin NZIS","https://data.mzd.gov.cz/data/číselníky/CIS001/66029029",66029029,"29 let",29,29
"https://data.mzd.gov.cz/data/číselníky/CIS001","CIS001","Číselník věkových skupin NZIS","https://data.mzd.gov.cz/data/číselníky/CIS001/66030030",66030030,"30 let",30,30
"https://data.mzd.gov.cz/data/číselníky/CIS001","CIS001","Číselník věkových skupin NZIS","https://data.mzd.gov.cz/data/číselníky/CIS001/66030034",66030034,"30–34 let",30,34
"https://data.mzd.gov.cz/data/číselníky/CIS001","CIS001","Číselník věkových skupin NZIS","https://data.mzd.gov.cz/data/číselníky/CIS001/66030039",66030039,"30–39 let",30,39
"https://data.mzd.gov.cz/data/číselníky/CIS001","CIS001","Číselník věkových skupin NZIS","https://data.mzd.gov.cz/data/číselníky/CIS001/66031031",66031031,"31 let",31,31
"https://data.mzd.gov.cz/data/číselníky/CIS001","CIS001","Číselník věkových skupin NZIS","https://data.mzd.gov.cz/data/číselníky/CIS001/66031035",66031035,"31–35 let",31,35
"https://data.mzd.gov.cz/data/číselníky/CIS001","CIS001","Číselník věkových skupin NZIS","https://data.mzd.gov.cz/data/číselníky/CIS001/66032032",66032032,"32 let",32,32
"https://data.mzd.gov.cz/data/číselníky/CIS001","CIS001","Číselník věkových skupin NZIS","https://data.mzd.gov.cz/data/číselníky/CIS001/66033033",66033033,"33 let",33,33
"https://data.mzd.gov.cz/data/číselníky/CIS001","CIS001","Číselník věkových skupin NZIS","https://data.mzd.gov.cz/data/číselníky/CIS001/66034034",66034034,"34 let",34,34
"https://data.mzd.gov.cz/data/číselníky/CIS001","CIS001","Číselník věkových skupin NZIS","https://data.mzd.gov.cz/data/číselníky/CIS001/66035035",66035035,"35 let",35,35
"https://data.mzd.gov.cz/data/číselníky/CIS001","CIS001","Číselník věkových skupin NZIS","https://data.mzd.gov.cz/data/číselníky/CIS001/66035039",66035039,"35–39 let",35,39
"https://data.mzd.gov.cz/data/číselníky/CIS001","CIS001","Číselník věkových skupin NZIS","https://data.mzd.gov.cz/data/číselníky/CIS001/66035044",66035044,"35–44 let",35,44
"https://data.mzd.gov.cz/data/číselníky/CIS001","CIS001","Číselník věkových skupin NZIS","https://data.mzd.gov.cz/data/číselníky/CIS001/66035999",66035999,"35 let a více",35,999
"https://data.mzd.gov.cz/data/číselníky/CIS001","CIS001","Číselník věkových skupin NZIS","https://data.mzd.gov.cz/data/číselníky/CIS001/66036036",66036036,"36 let",36,36
"https://data.mzd.gov.cz/data/číselníky/CIS001","CIS001","Číselník věkových skupin NZIS","https://data.mzd.gov.cz/data/číselníky/CIS001/66036040",66036040,"36–40 let",36,40
"https://data.mzd.gov.cz/data/číselníky/CIS001","CIS001","Číselník věkových skupin NZIS","https://data.mzd.gov.cz/data/číselníky/CIS001/66037037",66037037,"37 let",37,37
"https://data.mzd.gov.cz/data/číselníky/CIS001","CIS001","Číselník věkových skupin NZIS","https://data.mzd.gov.cz/data/číselníky/CIS001/66038038",66038038,"38 let",38,38
"https://data.mzd.gov.cz/data/číselníky/CIS001","CIS001","Číselník věkových skupin NZIS","https://data.mzd.gov.cz/data/číselníky/CIS001/66039039",66039039,"39 let",39,39
"https://data.mzd.gov.cz/data/číselníky/CIS001","CIS001","Číselník věkových skupin NZIS","https://data.mzd.gov.cz/data/číselníky/CIS001/66040040",66040040,"40 let",40,40
"https://data.mzd.gov.cz/data/číselníky/CIS001","CIS001","Číselník věkových skupin NZIS","https://data.mzd.gov.cz/data/číselníky/CIS001/66040044",66040044,"40–44 let",40,44
"https://data.mzd.gov.cz/data/číselníky/CIS001","CIS001","Číselník věkových skupin NZIS","https://data.mzd.gov.cz/data/číselníky/CIS001/66040049",66040049,"40–49 let",40,49
"https://data.mzd.gov.cz/data/číselníky/CIS001","CIS001","Číselník věkových skupin NZIS","https://data.mzd.gov.cz/data/číselníky/CIS001/66040059",66040059,"40–59 let",40,59
"https://data.mzd.gov.cz/data/číselníky/CIS001","CIS001","Číselník věkových skupin NZIS","https://data.mzd.gov.cz/data/číselníky/CIS001/66040999",66040999,"40 let a více",40,999
"https://data.mzd.gov.cz/data/číselníky/CIS001","CIS001","Číselník věkových skupin NZIS","https://data.mzd.gov.cz/data/číselníky/CIS001/66041041",66041041,"41 let",41,41
"https://data.mzd.gov.cz/data/číselníky/CIS001","CIS001","Číselník věkových skupin NZIS","https://data.mzd.gov.cz/data/číselníky/CIS001/66041045",66041045,"41–45 let",41,45
"https://data.mzd.gov.cz/data/číselníky/CIS001","CIS001","Číselník věkových skupin NZIS","https://data.mzd.gov.cz/data/číselníky/CIS001/66042042",66042042,"42 let",42,42
"https://data.mzd.gov.cz/data/číselníky/CIS001","CIS001","Číselník věkových skupin NZIS","https://data.mzd.gov.cz/data/číselníky/CIS001/66043043",66043043,"43 let",43,43
"https://data.mzd.gov.cz/data/číselníky/CIS001","CIS001","Číselník věkových skupin NZIS","https://data.mzd.gov.cz/data/číselníky/CIS001/66044044",66044044,"44 let",44,44
"https://data.mzd.gov.cz/data/číselníky/CIS001","CIS001","Číselník věkových skupin NZIS","https://data.mzd.gov.cz/data/číselníky/CIS001/66045045",66045045,"45 let",45,45
"https://data.mzd.gov.cz/data/číselníky/CIS001","CIS001","Číselník věkových skupin NZIS","https://data.mzd.gov.cz/data/číselníky/CIS001/66045049",66045049,"45–49 let",45,49
"https://data.mzd.gov.cz/data/číselníky/CIS001","CIS001","Číselník věkových skupin NZIS","https://data.mzd.gov.cz/data/číselníky/CIS001/66045054",66045054,"45–54 let",45,54
"https://data.mzd.gov.cz/data/číselníky/CIS001","CIS001","Číselník věkových skupin NZIS","https://data.mzd.gov.cz/data/číselníky/CIS001/66045064",66045064,"45–64 let",45,64
"https://data.mzd.gov.cz/data/číselníky/CIS001","CIS001","Číselník věkových skupin NZIS","https://data.mzd.gov.cz/data/číselníky/CIS001/66046046",66046046,"46 let",46,46
"https://data.mzd.gov.cz/data/číselníky/CIS001","CIS001","Číselník věkových skupin NZIS","https://data.mzd.gov.cz/data/číselníky/CIS001/66046050",66046050,"46–50",46,50
"https://data.mzd.gov.cz/data/číselníky/CIS001","CIS001","Číselník věkových skupin NZIS","https://data.mzd.gov.cz/data/číselníky/CIS001/66046999",66046999,"46 let a více",46,999
"https://data.mzd.gov.cz/data/číselníky/CIS001","CIS001","Číselník věkových skupin NZIS","https://data.mzd.gov.cz/data/číselníky/CIS001/66047047",66047047,"47 let",47,47
"https://data.mzd.gov.cz/data/číselníky/CIS001","CIS001","Číselník věkových skupin NZIS","https://data.mzd.gov.cz/data/číselníky/CIS001/66048048",66048048,"48 let",48,48
"https://data.mzd.gov.cz/data/číselníky/CIS001","CIS001","Číselník věkových skupin NZIS","https://data.mzd.gov.cz/data/číselníky/CIS001/66049049",66049049,"49 let",49,49
"https://data.mzd.gov.cz/data/číselníky/CIS001","CIS001","Číselník věkových skupin NZIS","https://data.mzd.gov.cz/data/číselníky/CIS001/66050050",66050050,"50 let",50,50
"https://data.mzd.gov.cz/data/číselníky/CIS001","CIS001","Číselník věkových skupin NZIS","https://data.mzd.gov.cz/data/číselníky/CIS001/66050054",66050054,"50–54 let",50,54
"https://data.mzd.gov.cz/data/číselníky/CIS001","CIS001","Číselník věkových skupin NZIS","https://data.mzd.gov.cz/data/číselníky/CIS001/66050059",66050059,"50–59 let",50,59
"https://data.mzd.gov.cz/data/číselníky/CIS001","CIS001","Číselník věkových skupin NZIS","https://data.mzd.gov.cz/data/číselníky/CIS001/66051051",66051051,"51 let",51,51
"https://data.mzd.gov.cz/data/číselníky/CIS001","CIS001","Číselník věkových skupin NZIS","https://data.mzd.gov.cz/data/číselníky/CIS001/66051055",66051055,"51–55 let",51,55
"https://data.mzd.gov.cz/data/číselníky/CIS001","CIS001","Číselník věkových skupin NZIS","https://data.mzd.gov.cz/data/číselníky/CIS001/66052052",66052052,"52 let",52,52
"https://data.mzd.gov.cz/data/číselníky/CIS001","CIS001","Číselník věkových skupin NZIS","https://data.mzd.gov.cz/data/číselníky/CIS001/66053053",66053053,"53 let",53,53
"https://data.mzd.gov.cz/data/číselníky/CIS001","CIS001","Číselník věkových skupin NZIS","https://data.mzd.gov.cz/data/číselníky/CIS001/66054054",66054054,"54 let",54,54
"https://data.mzd.gov.cz/data/číselníky/CIS001","CIS001","Číselník věkových skupin NZIS","https://data.mzd.gov.cz/data/číselníky/CIS001/66055055",66055055,"55 let",55,55
"https://data.mzd.gov.cz/data/číselníky/CIS001","CIS001","Číselník věkových skupin NZIS","https://data.mzd.gov.cz/data/číselníky/CIS001/66055059",66055059,"55–59 let",55,59
"https://data.mzd.gov.cz/data/číselníky/CIS001","CIS001","Číselník věkových skupin NZIS","https://data.mzd.gov.cz/data/číselníky/CIS001/66055064",66055064,"55–64 let",55,64
"https://data.mzd.gov.cz/data/číselníky/CIS001","CIS001","Číselník věkových skupin NZIS","https://data.mzd.gov.cz/data/číselníky/CIS001/66056056",66056056,"56 let",56,56
"https://data.mzd.gov.cz/data/číselníky/CIS001","CIS001","Číselník věkových skupin NZIS","https://data.mzd.gov.cz/data/číselníky/CIS001/66056060",66056060,"56–60 let",56,60
"https://data.mzd.gov.cz/data/číselníky/CIS001","CIS001","Číselník věkových skupin NZIS","https://data.mzd.gov.cz/data/číselníky/CIS001/66057057",66057057,"57 let",57,57
"https://data.mzd.gov.cz/data/číselníky/CIS001","CIS001","Číselník věkových skupin NZIS","https://data.mzd.gov.cz/data/číselníky/CIS001/66058058",66058058,"58 let",58,58
"https://data.mzd.gov.cz/data/číselníky/CIS001","CIS001","Číselník věkových skupin NZIS","https://data.mzd.gov.cz/data/číselníky/CIS001/66059059",66059059,"59 let",59,59
"https://data.mzd.gov.cz/data/číselníky/CIS001","CIS001","Číselník věkových skupin NZIS","https://data.mzd.gov.cz/data/číselníky/CIS001/66060060",66060060,"60 let",60,60
"https://data.mzd.gov.cz/data/číselníky/CIS001","CIS001","Číselník věkových skupin NZIS","https://data.mzd.gov.cz/data/číselníky/CIS001/66060064",66060064,"60–64 let",60,64
"https://data.mzd.gov.cz/data/číselníky/CIS001","CIS001","Číselník věkových skupin NZIS","https://data.mzd.gov.cz/data/číselníky/CIS001/66060069",66060069,"60–69 let",60,69
"https://data.mzd.gov.cz/data/číselníky/CIS001","CIS001","Číselník věkových skupin NZIS","https://data.mzd.gov.cz/data/číselníky/CIS001/66060079",66060079,"60–79 let",60,79
"https://data.mzd.gov.cz/data/číselníky/CIS001","CIS001","Číselník věkových skupin NZIS","https://data.mzd.gov.cz/data/číselníky/CIS001/66061061",66061061,"61 let",61,61
"https://data.mzd.gov.cz/data/číselníky/CIS001","CIS001","Číselník věkových skupin NZIS","https://data.mzd.gov.cz/data/číselníky/CIS001/66061065",66061065,"61–65 let",61,65
"https://data.mzd.gov.cz/data/číselníky/CIS001","CIS001","Číselník věkových skupin NZIS","https://data.mzd.gov.cz/data/číselníky/CIS001/66062062",66062062,"62 let",62,62
"https://data.mzd.gov.cz/data/číselníky/CIS001","CIS001","Číselník věkových skupin NZIS","https://data.mzd.gov.cz/data/číselníky/CIS001/66063063",66063063,"63 let",63,63
"https://data.mzd.gov.cz/data/číselníky/CIS001","CIS001","Číselník věkových skupin NZIS","https://data.mzd.gov.cz/data/číselníky/CIS001/66064064",66064064,"64 let",64,64
"https://data.mzd.gov.cz/data/číselníky/CIS001","CIS001","Číselník věkových skupin NZIS","https://data.mzd.gov.cz/data/číselníky/CIS001/66065065",66065065,"65 let",65,65
"https://data.mzd.gov.cz/data/číselníky/CIS001","CIS001","Číselník věkových skupin NZIS","https://data.mzd.gov.cz/data/číselníky/CIS001/66065069",66065069,"65–69 let",65,69
"https://data.mzd.gov.cz/data/číselníky/CIS001","CIS001","Číselník věkových skupin NZIS","https://data.mzd.gov.cz/data/číselníky/CIS001/66065070",66065070,"65–70 let",65,70
"https://data.mzd.gov.cz/data/číselníky/CIS001","CIS001","Číselník věkových skupin NZIS","https://data.mzd.gov.cz/data/číselníky/CIS001/66065074",66065074,"65–74 let",65,74
"https://data.mzd.gov.cz/data/číselníky/CIS001","CIS001","Číselník věkových skupin NZIS","https://data.mzd.gov.cz/data/číselníky/CIS001/66065999",66065999,"65 let a více",65,999
"https://data.mzd.gov.cz/data/číselníky/CIS001","CIS001","Číselník věkových skupin NZIS","https://data.mzd.gov.cz/data/číselníky/CIS001/66066066",66066066,"66 let",66,66
"https://data.mzd.gov.cz/data/číselníky/CIS001","CIS001","Číselník věkových skupin NZIS","https://data.mzd.gov.cz/data/číselníky/CIS001/66066070",66066070,"66–70 let",66,70
"https://data.mzd.gov.cz/data/číselníky/CIS001","CIS001","Číselník věkových skupin NZIS","https://data.mzd.gov.cz/data/číselníky/CIS001/66067067",66067067,"67 let",67,67
"https://data.mzd.gov.cz/data/číselníky/CIS001","CIS001","Číselník věkových skupin NZIS","https://data.mzd.gov.cz/data/číselníky/CIS001/66068068",66068068,"68 let",68,68
"https://data.mzd.gov.cz/data/číselníky/CIS001","CIS001","Číselník věkových skupin NZIS","https://data.mzd.gov.cz/data/číselníky/CIS001/66069069",66069069,"69 let",69,69
"https://data.mzd.gov.cz/data/číselníky/CIS001","CIS001","Číselník věkových skupin NZIS","https://data.mzd.gov.cz/data/číselníky/CIS001/66070070",66070070,"70 let",70,70
"https://data.mzd.gov.cz/data/číselníky/CIS001","CIS001","Číselník věkových skupin NZIS","https://data.mzd.gov.cz/data/číselníky/CIS001/66070074",66070074,"70–74 let",70,74
"https://data.mzd.gov.cz/data/číselníky/CIS001","CIS001","Číselník věkových skupin NZIS","https://data.mzd.gov.cz/data/číselníky/CIS001/66070079",66070079,"70–79 let",70,79
"https://data.mzd.gov.cz/data/číselníky/CIS001","CIS001","Číselník věkových skupin NZIS","https://data.mzd.gov.cz/data/číselníky/CIS001/66071071",66071071,"71 let",71,71
"https://data.mzd.gov.cz/data/číselníky/CIS001","CIS001","Číselník věkových skupin NZIS","https://data.mzd.gov.cz/data/číselníky/CIS001/66071075",66071075,"71–75 let",71,75
"https://data.mzd.gov.cz/data/číselníky/CIS001","CIS001","Číselník věkových skupin NZIS","https://data.mzd.gov.cz/data/číselníky/CIS001/66072072",66072072,"72 let",72,72
"https://data.mzd.gov.cz/data/číselníky/CIS001","CIS001","Číselník věkových skupin NZIS","https://data.mzd.gov.cz/data/číselníky/CIS001/66073073",66073073,"73 let",73,73
"https://data.mzd.gov.cz/data/číselníky/CIS001","CIS001","Číselník věkových skupin NZIS","https://data.mzd.gov.cz/data/číselníky/CIS001/66074074",66074074,"74 let",74,74
"https://data.mzd.gov.cz/data/číselníky/CIS001","CIS001","Číselník věkových skupin NZIS","https://data.mzd.gov.cz/data/číselníky/CIS001/66075075",66075075,"75 let",75,75
"https://data.mzd.gov.cz/data/číselníky/CIS001","CIS001","Číselník věkových skupin NZIS","https://data.mzd.gov.cz/data/číselníky/CIS001/66075079",66075079,"75–79 let",75,79
"https://data.mzd.gov.cz/data/číselníky/CIS001","CIS001","Číselník věkových skupin NZIS","https://data.mzd.gov.cz/data/číselníky/CIS001/66075084",66075084,"75–84 let",75,84
"https://data.mzd.gov.cz/data/číselníky/CIS001","CIS001","Číselník věkových skupin NZIS","https://data.mzd.gov.cz/data/číselníky/CIS001/66076076",66076076,"76 let",76,76
"https://data.mzd.gov.cz/data/číselníky/CIS001","CIS001","Číselník věkových skupin NZIS","https://data.mzd.gov.cz/data/číselníky/CIS001/66076080",66076080,"76–80 let",76,80
"https://data.mzd.gov.cz/data/číselníky/CIS001","CIS001","Číselník věkových skupin NZIS","https://data.mzd.gov.cz/data/číselníky/CIS001/66077077",66077077,"77 let",77,77
"https://data.mzd.gov.cz/data/číselníky/CIS001","CIS001","Číselník věkových skupin NZIS","https://data.mzd.gov.cz/data/číselníky/CIS001/66078078",66078078,"78 let",78,78
"https://data.mzd.gov.cz/data/číselníky/CIS001","CIS001","Číselník věkových skupin NZIS","https://data.mzd.gov.cz/data/číselníky/CIS001/66079079",66079079,"79 let",79,79
"https://data.mzd.gov.cz/data/číselníky/CIS001","CIS001","Číselník věkových skupin NZIS","https://data.mzd.gov.cz/data/číselníky/CIS001/66080080",66080080,"80 let",80,80
"https://data.mzd.gov.cz/data/číselníky/CIS001","CIS001","Číselník věkových skupin NZIS","https://data.mzd.gov.cz/data/číselníky/CIS001/66080084",66080084,"80–84 let",80,84
"https://data.mzd.gov.cz/data/číselníky/CIS001","CIS001","Číselník věkových skupin NZIS","https://data.mzd.gov.cz/data/číselníky/CIS001/66080089",66080089,"80–89 let",80,89
"https://data.mzd.gov.cz/data/číselníky/CIS001","CIS001","Číselník věkových skupin NZIS","https://data.mzd.gov.cz/data/číselníky/CIS001/66080099",66080099,"80–99 let",80,99
"https://data.mzd.gov.cz/data/číselníky/CIS001","CIS001","Číselník věkových skupin NZIS","https://data.mzd.gov.cz/data/číselníky/CIS001/66080999",66080999,"80 let a více",80,999
"https://data.mzd.gov.cz/data/číselníky/CIS001","CIS001","Číselník věkových skupin NZIS","https://data.mzd.gov.cz/data/číselníky/CIS001/66081081",66081081,"81 let",81,81
"https://data.mzd.gov.cz/data/číselníky/CIS001","CIS001","Číselník věkových skupin NZIS","https://data.mzd.gov.cz/data/číselníky/CIS001/66081085",66081085,"81–85 let",81,85
"https://data.mzd.gov.cz/data/číselníky/CIS001","CIS001","Číselník věkových skupin NZIS","https://data.mzd.gov.cz/data/číselníky/CIS001/66082082",66082082,"82 let",82,82
"https://data.mzd.gov.cz/data/číselníky/CIS001","CIS001","Číselník věkových skupin NZIS","https://data.mzd.gov.cz/data/číselníky/CIS001/66083083",66083083,"83 let",83,83
"https://data.mzd.gov.cz/data/číselníky/CIS001","CIS001","Číselník věkových skupin NZIS","https://data.mzd.gov.cz/data/číselníky/CIS001/66084084",66084084,"84 let",84,84
"https://data.mzd.gov.cz/data/číselníky/CIS001","CIS001","Číselník věkových skupin NZIS","https://data.mzd.gov.cz/data/číselníky/CIS001/66085085",66085085,"85 let",85,85
"https://data.mzd.gov.cz/data/číselníky/CIS001","CIS001","Číselník věkových skupin NZIS","https://data.mzd.gov.cz/data/číselníky/CIS001/66085089",66085089,"85–89 let",85,89
"https://data.mzd.gov.cz/data/číselníky/CIS001","CIS001","Číselník věkových skupin NZIS","https://data.mzd.gov.cz/data/číselníky/CIS001/66085999",66085999,"85 let a více",85,999
"https://data.mzd.gov.cz/data/číselníky/CIS001","CIS001","Číselník věkových skupin NZIS","https://data.mzd.gov.cz/data/číselníky/CIS001/66086086",66086086,"86 let",86,86
"https://data.mzd.gov.cz/data/číselníky/CIS001","CIS001","Číselník věkových skupin NZIS","https://data.mzd.gov.cz/data/číselníky/CIS001/66086090",66086090,"86–90 let",86,90
"https://data.mzd.gov.cz/data/číselníky/CIS001","CIS001","Číselník věkových skupin NZIS","https://data.mzd.gov.cz/data/číselníky/CIS001/66087087",66087087,"87 let",87,87
"https://data.mzd.gov.cz/data/číselníky/CIS001","CIS001","Číselník věkových skupin NZIS","https://data.mzd.gov.cz/data/číselníky/CIS001/66088088",66088088,"88 let",88,88
"https://data.mzd.gov.cz/data/číselníky/CIS001","CIS001","Číselník věkových skupin NZIS","https://data.mzd.gov.cz/data/číselníky/CIS001/66089089",66089089,"89 let",89,89
"https://data.mzd.gov.cz/data/číselníky/CIS001","CIS001","Číselník věkových skupin NZIS","https://data.mzd.gov.cz/data/číselníky/CIS001/66090090",66090090,"90 let",90,90
"https://data.mzd.gov.cz/data/číselníky/CIS001","CIS001","Číselník věkových skupin NZIS","https://data.mzd.gov.cz/data/číselníky/CIS001/66090094",66090094,"90–94 let",90,94
"https://data.mzd.gov.cz/data/číselníky/CIS001","CIS001","Číselník věkových skupin NZIS","https://data.mzd.gov.cz/data/číselníky/CIS001/66090099",66090099,"90–99 let",90,99
"https://data.mzd.gov.cz/data/číselníky/CIS001","CIS001","Číselník věkových skupin NZIS","https://data.mzd.gov.cz/data/číselníky/CIS001/66090999",66090999,"90 let a více",90,999
"https://data.mzd.gov.cz/data/číselníky/CIS001","CIS001","Číselník věkových skupin NZIS","https://data.mzd.gov.cz/data/číselníky/CIS001/66091091",66091091,"91 let",91,91
"https://data.mzd.gov.cz/data/číselníky/CIS001","CIS001","Číselník věkových skupin NZIS","https://data.mzd.gov.cz/data/číselníky/CIS001/66091999",66091999,"91 let a více",91,999
"https://data.mzd.gov.cz/data/číselníky/CIS001","CIS001","Číselník věkových skupin NZIS","https://data.mzd.gov.cz/data/číselníky/CIS001/66092092",66092092,"92 let",92,92
"https://data.mzd.gov.cz/data/číselníky/CIS001","CIS001","Číselník věkových skupin NZIS","https://data.mzd.gov.cz/data/číselníky/CIS001/66093093",66093093,"93 let",93,93
"https://data.mzd.gov.cz/data/číselníky/CIS001","CIS001","Číselník věkových skupin NZIS","https://data.mzd.gov.cz/data/číselníky/CIS001/66094094",66094094,"94 let",94,94
"https://data.mzd.gov.cz/data/číselníky/CIS001","CIS001","Číselník věkových skupin NZIS","https://data.mzd.gov.cz/data/číselníky/CIS001/66095095",66095095,"95 let",95,95
"https://data.mzd.gov.cz/data/číselníky/CIS001","CIS001","Číselník věkových skupin NZIS","https://data.mzd.gov.cz/data/číselníky/CIS001/66095099",66095099,"95–99 let",95,99
"https://data.mzd.gov.cz/data/číselníky/CIS001","CIS001","Číselník věkových skupin NZIS","https://data.mzd.gov.cz/data/číselníky/CIS001/66095999",66095999,"95 let a více",95,999
"https://data.mzd.gov.cz/data/číselníky/CIS001","CIS001","Číselník věkových skupin NZIS","https://data.mzd.gov.cz/data/číselníky/CIS001/66096096",66096096,"96 let",96,96
"https://data.mzd.gov.cz/data/číselníky/CIS001","CIS001","Číselník věkových skupin NZIS","https://data.mzd.gov.cz/data/číselníky/CIS001/66097097",66097097,"97 let",97,97
"https://data.mzd.gov.cz/data/číselníky/CIS001","CIS001","Číselník věkových skupin NZIS","https://data.mzd.gov.cz/data/číselníky/CIS001/66098098",66098098,"98 let",98,98
"https://data.mzd.gov.cz/data/číselníky/CIS001","CIS001","Číselník věkových skupin NZIS","https://data.mzd.gov.cz/data/číselníky/CIS001/66099099",66099099,"99 let",99,99
"https://data.mzd.gov.cz/data/číselníky/CIS001","CIS001","Číselník věkových skupin NZIS","https://data.mzd.gov.cz/data/číselníky/CIS001/66099999",66099999,"99 let a více",99,999
"https://data.mzd.gov.cz/data/číselníky/CIS001","CIS001","Číselník věkových skupin NZIS","https://data.mzd.gov.cz/data/číselníky/CIS001/66100100",66100100,"100 let",100,100
"https://data.mzd.gov.cz/data/číselníky/CIS001","CIS001","Číselník věkových skupin NZIS","https://data.mzd.gov.cz/data/číselníky/CIS001/66100104",66100104,"100–104 let",100,104
"https://data.mzd.gov.cz/data/číselníky/CIS001","CIS001","Číselník věkových skupin NZIS","https://data.mzd.gov.cz/data/číselníky/CIS001/66100999",66100999,"100 let a více",100,999
"https://data.mzd.gov.cz/data/číselníky/CIS001","CIS001","Číselník věkových skupin NZIS","https://data.mzd.gov.cz/data/číselníky/CIS001/66101101",66101101,"101 let",101,101
"https://data.mzd.gov.cz/data/číselníky/CIS001","CIS001","Číselník věkových skupin NZIS","https://data.mzd.gov.cz/data/číselníky/CIS001/66102102",66102102,"102 let",102,102
"https://data.mzd.gov.cz/data/číselníky/CIS001","CIS001","Číselník věkových skupin NZIS","https://data.mzd.gov.cz/data/číselníky/CIS001/66103103",66103103,"103 let",103,103
"https://data.mzd.gov.cz/data/číselníky/CIS001","CIS001","Číselník věkových skupin NZIS","https://data.mzd.gov.cz/data/číselníky/CIS001/66104104",66104104,"104 let",104,104
"https://data.mzd.gov.cz/data/číselníky/CIS001","CIS001","Číselník věkových skupin NZIS","https://data.mzd.gov.cz/data/číselníky/CIS001/66105105",66105105,"105 let",105,105
"https://data.mzd.gov.cz/data/číselníky/CIS001","CIS001","Číselník věkových skupin NZIS","https://data.mzd.gov.cz/data/číselníky/CIS001/66105999",66105999,"105 let a více",105,999
"https://data.mzd.gov.cz/data/číselníky/CIS001","CIS001","Číselník věkových skupin NZIS","https://data.mzd.gov.cz/data/číselníky/CIS001/66106106",66106106,"106 let",106,106
"https://data.mzd.gov.cz/data/číselníky/CIS001","CIS001","Číselník věkových skupin NZIS","https://data.mzd.gov.cz/data/číselníky/CIS001/66107107",66107107,"107 let",107,107
"https://data.mzd.gov.cz/data/číselníky/CIS001","CIS001","Číselník věkových skupin NZIS","https://data.mzd.gov.cz/data/číselníky/CIS001/66108108",66108108,"108 let",108,108
"https://data.mzd.gov.cz/data/číselníky/CIS001","CIS001","Číselník věkových skupin NZIS","https://data.mzd.gov.cz/data/číselníky/CIS001/66109109",66109109,"109 let",109,109
"https://data.mzd.gov.cz/data/číselníky/CIS001","CIS001","Číselník věkových skupin NZIS","https://data.mzd.gov.cz/data/číselníky/CIS001/66110110",66110110,"110 let",110,110
"https://data.mzd.gov.cz/data/číselníky/CIS001","CIS001","Číselník věkových skupin NZIS","https://data.mzd.gov.cz/data/číselníky/CIS001/66111111",66111111,"111 let",111,111
"https://data.mzd.gov.cz/data/číselníky/CIS001","CIS001","Číselník věkových skupin NZIS","https://data.mzd.gov.cz/data/číselníky/CIS001/66112112",66112112,"112 let",112,112
"https://data.mzd.gov.cz/data/číselníky/CIS001","CIS001","Číselník věkových skupin NZIS","https://data.mzd.gov.cz/data/číselníky/CIS001/66113113",66113113,"113 let",113,113
"https://data.mzd.gov.cz/data/číselníky/CIS001","CIS001","Číselník věkových skupin NZIS","https://data.mzd.gov.cz/data/číselníky/CIS001/66114114",66114114,"114 let",114,114
"https://data.mzd.gov.cz/data/číselníky/CIS001","CIS001","Číselník věkových skupin NZIS","https://data.mzd.gov.cz/data/číselníky/CIS001/66115115",66115115,"115 let",115,115
"https://data.mzd.gov.cz/data/číselníky/CIS001","CIS001","Číselník věkových skupin NZIS","https://data.mzd.gov.cz/data/číselníky/CIS001/66116116",66116116,"116 let",116,116
"https://data.mzd.gov.cz/data/číselníky/CIS001","CIS001","Číselník věkových skupin NZIS","https://data.mzd.gov.cz/data/číselníky/CIS001/66117117",66117117,"117 let",117,117
"https://data.mzd.gov.cz/data/číselníky/CIS001","CIS001","Číselník věkových skupin NZIS","https://data.mzd.gov.cz/data/číselníky/CIS001/66118118",66118118,"118 let",118,118
"https://data.mzd.gov.cz/data/číselníky/CIS001","CIS001","Číselník věkových skupin NZIS","https://data.mzd.gov.cz/data/číselníky/CIS001/66119119",66119119,"119 let",119,119
"https://data.mzd.gov.cz/data/číselníky/CIS001","CIS001","Číselník věkových skupin NZIS","https://data.mzd.gov.cz/data/číselníky/CIS001/66120120",66120120,"120 let",120,120
"https://data.mzd.gov.cz/data/číselníky/CIS001","CIS001","Číselník věkových skupin NZIS","https://data.mzd.gov.cz/data/číselníky/CIS001/70001000",70001000,"Neznámé",null,null
"https://data.mzd.gov.cz/data/číselníky/CIS001","CIS001","Číselník věkových skupin NZIS","https://data.mzd.gov.cz/data/číselníky/CIS001/70002000",70002000,"Neuvedeno",null,null